date,product,quantity,unit_price
2024-01-01 00:00:00.000000,Headphones,1.0,149
2024-01-01 17:33:18.396793,Mechanical Keyboard,1.0,89
2024-01-02 11:06:36.793587,Desk Lamp,1.0,35
2024-01-03 04:39:55.190380,Monitor,4.0,349
2024-01-03 22:13:13.587174,Headphones,1.0,149
2024-01-04 15:46:31.983967,Phone Stand,5.0,19
2024-01-05 09:19:50.380761,USB-C Hub,3.0,45
2024-01-06 02:53:08.777555,Headphones,3.0,149
2024-01-06 20:26:27.174348,Desk Lamp,1.0,35
2024-01-07 13:59:45.571142,Monitor,4.0,349
2024-01-08 07:33:03.967935,Mechanical Keyboard,4.0,89
2024-01-09 01:06:22.364729,Desk Lamp,5.0,35
2024-01-09 18:39:40.761523,Desk Lamp,1.0,35
2024-01-10 12:12:59.158316,USB-C Hub,3.0,45
2024-01-11 05:46:17.555110,Webcam,4.0,79
2024-01-11 23:19:35.951903,Monitor,1.0,349
2024-01-12 16:52:54.348697,Wireless Mouse,4.0,29
2024-01-13 10:26:12.745490,Desk Lamp,4.0,35
2024-01-14 03:59:31.142284,Webcam,3.0,79
2024-01-14 21:32:49.539078,Wireless Mouse,2.0,29
2024-01-15 15:06:07.935871,Monitor,,349
2024-01-16 08:39:26.332665,Laptop,,999
2024-01-17 02:12:44.729458,Phone Stand,,19
2024-01-17 19:46:03.126252,Webcam,4.0,79
2024-01-18 13:19:21.523046,SSD Drive,1.0,119
2024-01-19 06:52:39.919839,Laptop,4.0,999
2024-01-20 00:25:58.316633,Phone Stand,3.0,19
2024-01-20 17:59:16.713426,USB-C Hub,5.0,45
2024-01-21 11:32:35.110220,Headphones,4.0,149
2024-01-22 05:05:53.507014,Mechanical Keyboard,5.0,89
2024-01-22 22:39:11.903807,SSD Drive,,119
2024-01-23 16:12:30.300601,USB-C Hub,5.0,45
2024-01-24 09:45:48.697394,Monitor,5.0,349
2024-01-25 03:19:07.094188,USB-C Hub,2.0,45
2024-01-25 20:52:25.490981,Headphones,2.0,149
2024-01-26 14:25:43.887775,Monitor,2.0,349
2024-01-27 07:59:02.284569,SSD Drive,5.0,119
2024-01-28 01:32:20.681362,Headphones,3.0,149
2024-01-28 19:05:39.078156,Wireless Mouse,5.0,29
2024-01-29 12:38:57.474949,Mechanical Keyboard,3.0,89
2024-01-30 06:12:15.871743,SSD Drive,3.0,119
2024-01-30 23:45:34.268537,Wireless Mouse,2.0,29
2024-01-31 17:18:52.665330,Phone Stand,4.0,19
2024-02-01 10:52:11.062124,SSD Drive,1.0,119
2024-02-02 04:25:29.458917,Phone Stand,2.0,19
2024-02-02 21:58:47.855711,Monitor,2.0,349
2024-02-03 15:32:06.252505,Wireless Mouse,4.0,29
2024-02-04 09:05:24.649298,Mechanical Keyboard,1.0,89
2024-02-05 02:38:43.046092,Headphones,5.0,149
2024-02-05 20:12:01.442885,Desk Lamp,5.0,35
2024-02-06 13:45:19.839679,USB-C Hub,2.0,45
2024-02-07 07:18:38.236472,Laptop,1.0,999
2024-02-08 00:51:56.633266,Mechanical Keyboard,2.0,89
2024-02-08 18:25:15.030060,Wireless Mouse,3.0,29
2024-02-09 11:58:33.426853,Desk Lamp,2.0,35
2024-02-10 05:31:51.823647,Mechanical Keyboard,2.0,89
2024-02-10 23:05:10.220440,Wireless Mouse,5.0,29
2024-02-11 16:38:28.617234,Webcam,5.0,79
2024-02-12 10:11:47.014028,Webcam,5.0,79
2024-02-13 03:45:05.410821,Phone Stand,,19
2024-02-13 21:18:23.807615,Mechanical Keyboard,5.0,89
2024-02-14 14:51:42.204408,Webcam,1.0,79
2024-02-15 08:25:00.601202,Wireless Mouse,4.0,29
2024-02-16 01:58:18.997995,Phone Stand,1.0,19
2024-02-16 19:31:37.394789,Wireless Mouse,1.0,29
2024-02-17 13:04:55.791583,Phone Stand,,19
2024-02-18 06:38:14.188376,Mechanical Keyboard,4.0,89
2024-02-19 00:11:32.585170,Desk Lamp,4.0,35
2024-02-19 17:44:50.981963,Headphones,4.0,149
2024-02-20 11:18:09.378757,SSD Drive,3.0,119
2024-02-21 04:51:27.775551,Desk Lamp,5.0,35
2024-02-21 22:24:46.172344,Monitor,4.0,349
2024-02-22 15:58:04.569138,Wireless Mouse,3.0,29
2024-02-23 09:31:22.965931,Monitor,2.0,349
2024-02-24 03:04:41.362725,Desk Lamp,2.0,35
2024-02-24 20:37:59.759519,Phone Stand,3.0,19
2024-02-25 14:11:18.156312,SSD Drive,3.0,119
2024-02-26 07:44:36.553106,SSD Drive,5.0,119
2024-02-27 01:17:54.949899,Laptop,5.0,999
2024-02-27 18:51:13.346693,SSD Drive,2.0,119
2024-02-28 12:24:31.743486,Headphones,4.0,149
2024-02-29 05:57:50.140280,SSD Drive,2.0,119
2024-02-29 23:31:08.537074,Desk Lamp,4.0,35
2024-03-01 17:04:26.933867,Laptop,4.0,999
2024-03-02 10:37:45.330661,Desk Lamp,5.0,35
2024-03-03 04:11:03.727454,Desk Lamp,1.0,35
2024-03-03 21:44:22.124248,USB-C Hub,1.0,45
2024-03-04 15:17:40.521042,Laptop,3.0,999
2024-03-05 08:50:58.917835,Desk Lamp,5.0,35
2024-03-06 02:24:17.314629,USB-C Hub,4.0,45
2024-03-06 19:57:35.711422,USB-C Hub,1.0,45
2024-03-07 13:30:54.108216,Laptop,4.0,999
2024-03-08 07:04:12.505010,Monitor,1.0,349
2024-03-09 00:37:30.901803,Phone Stand,1.0,19
2024-03-09 18:10:49.298597,Headphones,1.0,149
2024-03-10 11:44:07.695390,Phone Stand,5.0,19
2024-03-11 05:17:26.092184,SSD Drive,2.0,119
2024-03-11 22:50:44.488977,Headphones,4.0,149
2024-03-12 16:24:02.885771,SSD Drive,5.0,119
2024-03-13 09:57:21.282565,Desk Lamp,5.0,35
2024-03-14 03:30:39.679358,Wireless Mouse,5.0,29
2024-03-14 21:03:58.076152,Laptop,5.0,999
2024-03-15 14:37:16.472945,Headphones,5.0,149
2024-03-16 08:10:34.869739,Headphones,3.0,149
2024-03-17 01:43:53.266533,Desk Lamp,4.0,35
2024-03-17 19:17:11.663326,Monitor,5.0,349
2024-03-18 12:50:30.060120,USB-C Hub,,45
2024-03-19 06:23:48.456913,Desk Lamp,3.0,35
2024-03-19 23:57:06.853707,Webcam,3.0,79
2024-03-20 17:30:25.250501,USB-C Hub,4.0,45
2024-03-21 11:03:43.647294,Laptop,1.0,999
2024-03-22 04:37:02.044088,USB-C Hub,2.0,45
2024-03-22 22:10:20.440881,Monitor,1.0,349
2024-03-23 15:43:38.837675,USB-C Hub,1.0,45
2024-03-24 09:16:57.234468,Laptop,1.0,999
2024-03-25 02:50:15.631262,Monitor,5.0,349
2024-03-25 20:23:34.028056,Phone Stand,3.0,19
2024-03-26 13:56:52.424849,Headphones,1.0,149
2024-03-27 07:30:10.821643,Headphones,3.0,149
2024-03-28 01:03:29.218436,SSD Drive,4.0,119
2024-03-28 18:36:47.615230,Phone Stand,2.0,19
2024-03-29 12:10:06.012024,Phone Stand,4.0,19
2024-03-30 05:43:24.408817,USB-C Hub,4.0,45
2024-03-30 23:16:42.805611,Headphones,5.0,149
2024-03-31 16:50:01.202404,Laptop,2.0,999
2024-04-01 10:23:19.599198,Mechanical Keyboard,4.0,89
2024-04-02 03:56:37.995991,Mechanical Keyboard,4.0,89
2024-04-02 21:29:56.392785,Monitor,2.0,349
2024-04-03 15:03:14.789579,Headphones,2.0,149
2024-04-04 08:36:33.186372,Headphones,4.0,149
2024-04-05 02:09:51.583166,Mechanical Keyboard,2.0,89
2024-04-05 19:43:09.979959,Headphones,4.0,149
2024-04-06 13:16:28.376753,USB-C Hub,4.0,45
2024-04-07 06:49:46.773547,Webcam,5.0,79
2024-04-08 00:23:05.170340,Wireless Mouse,1.0,29
2024-04-08 17:56:23.567134,Phone Stand,4.0,19
2024-04-09 11:29:41.963927,SSD Drive,3.0,119
2024-04-10 05:03:00.360721,Monitor,1.0,349
2024-04-10 22:36:18.757515,Webcam,1.0,79
2024-04-11 16:09:37.154308,Mechanical Keyboard,,89
2024-04-12 09:42:55.551102,Phone Stand,5.0,19
2024-04-13 03:16:13.947895,Headphones,4.0,149
2024-04-13 20:49:32.344689,SSD Drive,5.0,119
2024-04-14 14:22:50.741482,Headphones,4.0,149
2024-04-15 07:56:09.138276,Laptop,5.0,999
2024-04-16 01:29:27.535070,Laptop,5.0,999
2024-04-16 19:02:45.931863,SSD Drive,3.0,119
2024-04-17 12:36:04.328657,SSD Drive,5.0,119
2024-04-18 06:09:22.725450,Mechanical Keyboard,2.0,89
2024-04-18 23:42:41.122244,SSD Drive,3.0,119
2024-04-19 17:15:59.519038,USB-C Hub,5.0,45
2024-04-20 10:49:17.915831,Headphones,1.0,149
2024-04-21 04:22:36.312625,Webcam,2.0,79
2024-04-21 21:55:54.709418,Desk Lamp,2.0,35
2024-04-22 15:29:13.106212,SSD Drive,2.0,119
2024-04-23 09:02:31.503006,Monitor,3.0,349
2024-04-24 02:35:49.899799,Laptop,5.0,999
2024-04-24 20:09:08.296593,USB-C Hub,5.0,45
2024-04-25 13:42:26.693386,Phone Stand,1.0,19
2024-04-26 07:15:45.090180,Desk Lamp,1.0,35
2024-04-27 00:49:03.486973,Webcam,2.0,79
2024-04-27 18:22:21.883767,Desk Lamp,1.0,35
2024-04-28 11:55:40.280561,SSD Drive,3.0,119
2024-04-29 05:28:58.677354,Mechanical Keyboard,5.0,89
2024-04-29 23:02:17.074148,Laptop,2.0,999
2024-04-30 16:35:35.470941,Laptop,1.0,999
2024-05-01 10:08:53.867735,Phone Stand,,19
2024-05-02 03:42:12.264529,Mechanical Keyboard,3.0,89
2024-05-02 21:15:30.661322,Headphones,1.0,149
2024-05-03 14:48:49.058116,Wireless Mouse,5.0,29
2024-05-04 08:22:07.454909,USB-C Hub,1.0,45
2024-05-05 01:55:25.851703,Laptop,2.0,999
2024-05-05 19:28:44.248496,Monitor,1.0,349
2024-05-06 13:02:02.645290,Laptop,3.0,999
2024-05-07 06:35:21.042084,Desk Lamp,1.0,35
2024-05-08 00:08:39.438877,Laptop,5.0,999
2024-05-08 17:41:57.835671,Laptop,4.0,999
2024-05-09 11:15:16.232464,Wireless Mouse,1.0,29
2024-05-10 04:48:34.629258,Wireless Mouse,5.0,29
2024-05-10 22:21:53.026052,Webcam,5.0,79
2024-05-11 15:55:11.422845,Headphones,3.0,149
2024-05-12 09:28:29.819639,Monitor,5.0,349
2024-05-13 03:01:48.216432,Laptop,5.0,999
2024-05-13 20:35:06.613226,Laptop,5.0,999
2024-05-14 14:08:25.010020,USB-C Hub,5.0,45
2024-05-15 07:41:43.406813,Wireless Mouse,2.0,29
2024-05-16 01:15:01.803607,Monitor,2.0,349
2024-05-16 18:48:20.200400,Phone Stand,3.0,19
2024-05-17 12:21:38.597194,Webcam,1.0,79
2024-05-18 05:54:56.993987,Headphones,5.0,149
2024-05-18 23:28:15.390781,Mechanical Keyboard,,89
2024-05-19 17:01:33.787575,Headphones,1.0,149
2024-05-20 10:34:52.184368,Desk Lamp,3.0,35
2024-05-21 04:08:10.581162,Laptop,5.0,999
2024-05-21 21:41:28.977955,Webcam,5.0,79
2024-05-22 15:14:47.374749,Desk Lamp,4.0,35
2024-05-23 08:48:05.771543,Monitor,1.0,349
2024-05-24 02:21:24.168336,Mechanical Keyboard,1.0,89
2024-05-24 19:54:42.565130,Wireless Mouse,2.0,29
2024-05-25 13:28:00.961923,Webcam,4.0,79
2024-05-26 07:01:19.358717,Webcam,2.0,79
2024-05-27 00:34:37.755511,Laptop,2.0,999
2024-05-27 18:07:56.152304,SSD Drive,2.0,119
2024-05-28 11:41:14.549098,Webcam,,79
2024-05-29 05:14:32.945891,USB-C Hub,,45
2024-05-29 22:47:51.342685,Mechanical Keyboard,,89
2024-05-30 16:21:09.739478,Mechanical Keyboard,4.0,89
2024-05-31 09:54:28.136272,USB-C Hub,1.0,45
2024-06-01 03:27:46.533066,Phone Stand,4.0,19
2024-06-01 21:01:04.929859,USB-C Hub,5.0,45
2024-06-02 14:34:23.326653,USB-C Hub,3.0,45
2024-06-03 08:07:41.723446,Mechanical Keyboard,1.0,89
2024-06-04 01:41:00.120240,Headphones,1.0,149
2024-06-04 19:14:18.517034,Mechanical Keyboard,5.0,89
2024-06-05 12:47:36.913827,SSD Drive,5.0,119
2024-06-06 06:20:55.310621,Laptop,2.0,999
2024-06-06 23:54:13.707414,Desk Lamp,3.0,35
2024-06-07 17:27:32.104208,Headphones,3.0,149
2024-06-08 11:00:50.501002,Wireless Mouse,4.0,29
2024-06-09 04:34:08.897795,Desk Lamp,2.0,35
2024-06-09 22:07:27.294589,Laptop,2.0,999
2024-06-10 15:40:45.691382,SSD Drive,2.0,119
2024-06-11 09:14:04.088176,SSD Drive,2.0,119
2024-06-12 02:47:22.484969,Wireless Mouse,3.0,29
2024-06-12 20:20:40.881763,Headphones,3.0,149
2024-06-13 13:53:59.278557,Phone Stand,2.0,19
2024-06-14 07:27:17.675350,USB-C Hub,4.0,45
2024-06-15 01:00:36.072144,Headphones,1.0,149
2024-06-15 18:33:54.468937,Phone Stand,1.0,19
2024-06-16 12:07:12.865731,SSD Drive,4.0,119
2024-06-17 05:40:31.262525,Mechanical Keyboard,2.0,89
2024-06-17 23:13:49.659318,Laptop,3.0,999
2024-06-18 16:47:08.056112,Wireless Mouse,1.0,29
2024-06-19 10:20:26.452905,Laptop,5.0,999
2024-06-20 03:53:44.849699,Monitor,5.0,349
2024-06-20 21:27:03.246492,Monitor,4.0,349
2024-06-21 15:00:21.643286,Headphones,2.0,149
2024-06-22 08:33:40.040080,SSD Drive,,119
2024-06-23 02:06:58.436873,SSD Drive,2.0,119
2024-06-23 19:40:16.833667,USB-C Hub,1.0,45
2024-06-24 13:13:35.230460,USB-C Hub,4.0,45
2024-06-25 06:46:53.627254,USB-C Hub,4.0,45
2024-06-26 00:20:12.024048,Mechanical Keyboard,5.0,89
2024-06-26 17:53:30.420841,Desk Lamp,2.0,35
2024-06-27 11:26:48.817635,Webcam,5.0,79
2024-06-28 05:00:07.214428,Desk Lamp,2.0,35
2024-06-28 22:33:25.611222,Laptop,5.0,999
2024-06-29 16:06:44.008016,Desk Lamp,3.0,35
2024-06-30 09:40:02.404809,Mechanical Keyboard,3.0,89
2024-07-01 03:13:20.801603,Laptop,3.0,999
2024-07-01 20:46:39.198396,Desk Lamp,3.0,35
2024-07-02 14:19:57.595190,Mechanical Keyboard,1.0,89
2024-07-03 07:53:15.991983,Webcam,3.0,79
2024-07-04 01:26:34.388777,Desk Lamp,4.0,35
2024-07-04 18:59:52.785571,Mechanical Keyboard,4.0,89
2024-07-05 12:33:11.182364,USB-C Hub,1.0,45
2024-07-06 06:06:29.579158,SSD Drive,3.0,119
2024-07-06 23:39:47.975951,USB-C Hub,,45
2024-07-07 17:13:06.372745,SSD Drive,3.0,119
2024-07-08 10:46:24.769539,Wireless Mouse,,29
2024-07-09 04:19:43.166332,Wireless Mouse,2.0,29
2024-07-09 21:53:01.563126,Wireless Mouse,5.0,29
2024-07-10 15:26:19.959919,Webcam,2.0,79
2024-07-11 08:59:38.356713,USB-C Hub,3.0,45
2024-07-12 02:32:56.753507,SSD Drive,,119
2024-07-12 20:06:15.150300,Mechanical Keyboard,5.0,89
2024-07-13 13:39:33.547094,Laptop,5.0,999
2024-07-14 07:12:51.943887,Mechanical Keyboard,2.0,89
2024-07-15 00:46:10.340681,Laptop,4.0,999
2024-07-15 18:19:28.737474,Monitor,2.0,349
2024-07-16 11:52:47.134268,Mechanical Keyboard,5.0,89
2024-07-17 05:26:05.531062,Desk Lamp,5.0,35
2024-07-17 22:59:23.927855,Desk Lamp,1.0,35
2024-07-18 16:32:42.324649,Headphones,5.0,149
2024-07-19 10:06:00.721442,USB-C Hub,1.0,45
2024-07-20 03:39:19.118236,Laptop,4.0,999
2024-07-20 21:12:37.515030,Laptop,2.0,999
2024-07-21 14:45:55.911823,USB-C Hub,2.0,45
2024-07-22 08:19:14.308617,Webcam,1.0,79
2024-07-23 01:52:32.705410,Headphones,2.0,149
2024-07-23 19:25:51.102204,Webcam,5.0,79
2024-07-24 12:59:09.498997,Webcam,3.0,79
2024-07-25 06:32:27.895791,Webcam,1.0,79
2024-07-26 00:05:46.292585,USB-C Hub,2.0,45
2024-07-26 17:39:04.689378,Webcam,1.0,79
2024-07-27 11:12:23.086172,Desk Lamp,1.0,35
2024-07-28 04:45:41.482965,Wireless Mouse,3.0,29
2024-07-28 22:18:59.879759,Monitor,5.0,349
2024-07-29 15:52:18.276553,Laptop,1.0,999
2024-07-30 09:25:36.673346,Laptop,2.0,999
2024-07-31 02:58:55.070140,Monitor,4.0,349
2024-07-31 20:32:13.466933,USB-C Hub,1.0,45
2024-08-01 14:05:31.863727,Mechanical Keyboard,1.0,89
2024-08-02 07:38:50.260521,USB-C Hub,3.0,45
2024-08-03 01:12:08.657314,Laptop,5.0,999
2024-08-03 18:45:27.054108,Laptop,4.0,999
2024-08-04 12:18:45.450901,Monitor,2.0,349
2024-08-05 05:52:03.847695,Webcam,4.0,79
2024-08-05 23:25:22.244488,USB-C Hub,2.0,45
2024-08-06 16:58:40.641282,SSD Drive,5.0,119
2024-08-07 10:31:59.038076,Monitor,2.0,349
2024-08-08 04:05:17.434869,Desk Lamp,3.0,35
2024-08-08 21:38:35.831663,Laptop,3.0,999
2024-08-09 15:11:54.228456,Monitor,3.0,349
2024-08-10 08:45:12.625250,USB-C Hub,3.0,45
2024-08-11 02:18:31.022044,Laptop,4.0,999
2024-08-11 19:51:49.418837,Mechanical Keyboard,5.0,89
2024-08-12 13:25:07.815631,Monitor,2.0,349
2024-08-13 06:58:26.212424,Headphones,2.0,149
2024-08-14 00:31:44.609218,Laptop,3.0,999
2024-08-14 18:05:03.006012,USB-C Hub,3.0,45
2024-08-15 11:38:21.402805,Wireless Mouse,1.0,29
2024-08-16 05:11:39.799599,SSD Drive,5.0,119
2024-08-16 22:44:58.196392,Phone Stand,4.0,19
2024-08-17 16:18:16.593186,Webcam,2.0,79
2024-08-18 09:51:34.989979,Phone Stand,1.0,19
2024-08-19 03:24:53.386773,USB-C Hub,1.0,45
2024-08-19 20:58:11.783567,Desk Lamp,2.0,35
2024-08-20 14:31:30.180360,Desk Lamp,4.0,35
2024-08-21 08:04:48.577154,Wireless Mouse,1.0,29
2024-08-22 01:38:06.973947,Webcam,1.0,79
2024-08-22 19:11:25.370741,Headphones,5.0,149
2024-08-23 12:44:43.767535,Wireless Mouse,4.0,29
2024-08-24 06:18:02.164328,Phone Stand,1.0,19
2024-08-24 23:51:20.561122,Wireless Mouse,4.0,29
2024-08-25 17:24:38.957915,Phone Stand,2.0,19
2024-08-26 10:57:57.354709,Laptop,3.0,999
2024-08-27 04:31:15.751503,Desk Lamp,1.0,35
2024-08-27 22:04:34.148296,Laptop,5.0,999
2024-08-28 15:37:52.545090,SSD Drive,2.0,119
2024-08-29 09:11:10.941883,Webcam,4.0,79
2024-08-30 02:44:29.338677,Headphones,2.0,149
2024-08-30 20:17:47.735470,Phone Stand,,19
2024-08-31 13:51:06.132264,Headphones,4.0,149
2024-09-01 07:24:24.529058,Phone Stand,3.0,19
2024-09-02 00:57:42.925851,USB-C Hub,2.0,45
2024-09-02 18:31:01.322645,Wireless Mouse,1.0,29
2024-09-03 12:04:19.719438,SSD Drive,5.0,119
2024-09-04 05:37:38.116232,Desk Lamp,4.0,35
2024-09-04 23:10:56.513026,Phone Stand,2.0,19
2024-09-05 16:44:14.909819,Headphones,2.0,149
2024-09-06 10:17:33.306613,SSD Drive,3.0,119
2024-09-07 03:50:51.703406,Mechanical Keyboard,3.0,89
2024-09-07 21:24:10.100200,Mechanical Keyboard,5.0,89
2024-09-08 14:57:28.496993,Laptop,5.0,999
2024-09-09 08:30:46.893787,Desk Lamp,1.0,35
2024-09-10 02:04:05.290581,USB-C Hub,1.0,45
2024-09-10 19:37:23.687374,Headphones,5.0,149
2024-09-11 13:10:42.084168,Wireless Mouse,5.0,29
2024-09-12 06:44:00.480961,Wireless Mouse,4.0,29
2024-09-13 00:17:18.877755,Headphones,3.0,149
2024-09-13 17:50:37.274549,Webcam,1.0,79
2024-09-14 11:23:55.671342,USB-C Hub,3.0,45
2024-09-15 04:57:14.068136,SSD Drive,3.0,119
2024-09-15 22:30:32.464929,Phone Stand,5.0,19
2024-09-16 16:03:50.861723,Webcam,4.0,79
2024-09-17 09:37:09.258517,Phone Stand,2.0,19
2024-09-18 03:10:27.655310,Phone Stand,4.0,19
2024-09-18 20:43:46.052104,Webcam,4.0,79
2024-09-19 14:17:04.448897,Laptop,3.0,999
2024-09-20 07:50:22.845691,Mechanical Keyboard,4.0,89
2024-09-21 01:23:41.242484,Phone Stand,1.0,19
2024-09-21 18:56:59.639278,Webcam,3.0,79
2024-09-22 12:30:18.036072,Webcam,1.0,79
2024-09-23 06:03:36.432865,Monitor,2.0,349
2024-09-23 23:36:54.829659,Laptop,3.0,999
2024-09-24 17:10:13.226452,Desk Lamp,2.0,35
2024-09-25 10:43:31.623246,Monitor,3.0,349
2024-09-26 04:16:50.020040,Monitor,5.0,349
2024-09-26 21:50:08.416833,Headphones,4.0,149
2024-09-27 15:23:26.813627,Mechanical Keyboard,5.0,89
2024-09-28 08:56:45.210420,Webcam,2.0,79
2024-09-29 02:30:03.607214,Mechanical Keyboard,4.0,89
2024-09-29 20:03:22.004008,USB-C Hub,3.0,45
2024-09-30 13:36:40.400801,Headphones,4.0,149
2024-10-01 07:09:58.797595,Desk Lamp,1.0,35
2024-10-02 00:43:17.194388,Mechanical Keyboard,4.0,89
2024-10-02 18:16:35.591182,Wireless Mouse,1.0,29
2024-10-03 11:49:53.987975,Phone Stand,4.0,19
2024-10-04 05:23:12.384769,USB-C Hub,1.0,45
2024-10-04 22:56:30.781563,Laptop,2.0,999
2024-10-05 16:29:49.178356,Desk Lamp,5.0,35
2024-10-06 10:03:07.575150,USB-C Hub,3.0,45
2024-10-07 03:36:25.971943,Phone Stand,,19
2024-10-07 21:09:44.368737,Headphones,,149
2024-10-08 14:43:02.765531,Phone Stand,3.0,19
2024-10-09 08:16:21.162324,Monitor,3.0,349
2024-10-10 01:49:39.559118,Phone Stand,1.0,19
2024-10-10 19:22:57.955911,Monitor,2.0,349
2024-10-11 12:56:16.352705,Headphones,2.0,149
2024-10-12 06:29:34.749498,SSD Drive,5.0,119
2024-10-13 00:02:53.146292,Monitor,2.0,349
2024-10-13 17:36:11.543086,Laptop,4.0,999
2024-10-14 11:09:29.939879,Phone Stand,2.0,19
2024-10-15 04:42:48.336673,Phone Stand,5.0,19
2024-10-15 22:16:06.733466,Laptop,2.0,999
2024-10-16 15:49:25.130260,Wireless Mouse,4.0,29
2024-10-17 09:22:43.527054,Webcam,1.0,79
2024-10-18 02:56:01.923847,SSD Drive,5.0,119
2024-10-18 20:29:20.320641,Desk Lamp,1.0,35
2024-10-19 14:02:38.717434,Monitor,1.0,349
2024-10-20 07:35:57.114228,Laptop,1.0,999
2024-10-21 01:09:15.511022,Headphones,3.0,149
2024-10-21 18:42:33.907815,Monitor,3.0,349
2024-10-22 12:15:52.304609,Webcam,1.0,79
2024-10-23 05:49:10.701402,Headphones,5.0,149
2024-10-23 23:22:29.098196,USB-C Hub,4.0,45
2024-10-24 16:55:47.494989,Phone Stand,4.0,19
2024-10-25 10:29:05.891783,USB-C Hub,2.0,45
2024-10-26 04:02:24.288577,Monitor,5.0,349
2024-10-26 21:35:42.685370,Webcam,3.0,79
2024-10-27 15:09:01.082164,SSD Drive,,119
2024-10-28 08:42:19.478957,Monitor,2.0,349
2024-10-29 02:15:37.875751,Laptop,4.0,999
2024-10-29 19:48:56.272545,Mechanical Keyboard,3.0,89
2024-10-30 13:22:14.669338,Monitor,3.0,349
2024-10-31 06:55:33.066132,Phone Stand,1.0,19
2024-11-01 00:28:51.462925,Phone Stand,4.0,19
2024-11-01 18:02:09.859719,Monitor,5.0,349
2024-11-02 11:35:28.256513,Headphones,3.0,149
2024-11-03 05:08:46.653306,Mechanical Keyboard,1.0,89
2024-11-03 22:42:05.050100,Laptop,5.0,999
2024-11-04 16:15:23.446893,Monitor,4.0,349
2024-11-05 09:48:41.843687,Headphones,3.0,149
2024-11-06 03:22:00.240480,Phone Stand,5.0,19
2024-11-06 20:55:18.637274,Phone Stand,5.0,19
2024-11-07 14:28:37.034068,Webcam,5.0,79
2024-11-08 08:01:55.430861,Monitor,3.0,349
2024-11-09 01:35:13.827655,Mechanical Keyboard,3.0,89
2024-11-09 19:08:32.224448,Wireless Mouse,2.0,29
2024-11-10 12:41:50.621242,Mechanical Keyboard,4.0,89
2024-11-11 06:15:09.018036,Phone Stand,1.0,19
2024-11-11 23:48:27.414829,Phone Stand,5.0,19
2024-11-12 17:21:45.811623,USB-C Hub,2.0,45
2024-11-13 10:55:04.208416,Phone Stand,1.0,19
2024-11-14 04:28:22.605210,Laptop,2.0,999
2024-11-14 22:01:41.002004,Desk Lamp,3.0,35
2024-11-15 15:34:59.398797,Monitor,5.0,349
2024-11-16 09:08:17.795591,Mechanical Keyboard,1.0,89
2024-11-17 02:41:36.192384,Desk Lamp,1.0,35
2024-11-17 20:14:54.589178,Headphones,,149
2024-11-18 13:48:12.985971,Wireless Mouse,1.0,29
2024-11-19 07:21:31.382765,Laptop,1.0,999
2024-11-20 00:54:49.779559,Mechanical Keyboard,2.0,89
2024-11-20 18:28:08.176352,Desk Lamp,5.0,35
2024-11-21 12:01:26.573146,Wireless Mouse,3.0,29
2024-11-22 05:34:44.969939,USB-C Hub,3.0,45
2024-11-22 23:08:03.366733,Laptop,3.0,999
2024-11-23 16:41:21.763527,Laptop,3.0,999
2024-11-24 10:14:40.160320,USB-C Hub,2.0,45
2024-11-25 03:47:58.557114,Monitor,4.0,349
2024-11-25 21:21:16.953907,USB-C Hub,5.0,45
2024-11-26 14:54:35.350701,Laptop,1.0,999
2024-11-27 08:27:53.747494,Laptop,4.0,999
2024-11-28 02:01:12.144288,Desk Lamp,3.0,35
2024-11-28 19:34:30.541082,Phone Stand,4.0,19
2024-11-29 13:07:48.937875,Wireless Mouse,5.0,29
2024-11-30 06:41:07.334669,USB-C Hub,1.0,45
2024-12-01 00:14:25.731462,Wireless Mouse,1.0,29
2024-12-01 17:47:44.128256,USB-C Hub,5.0,45
2024-12-02 11:21:02.525050,Headphones,5.0,149
2024-12-03 04:54:20.921843,Laptop,3.0,999
2024-12-03 22:27:39.318637,Phone Stand,1.0,19
2024-12-04 16:00:57.715430,Desk Lamp,,35
2024-12-05 09:34:16.112224,Phone Stand,2.0,19
2024-12-06 03:07:34.509018,Phone Stand,2.0,19
2024-12-06 20:40:52.905811,Phone Stand,5.0,19
2024-12-07 14:14:11.302605,Wireless Mouse,3.0,29
2024-12-08 07:47:29.699398,USB-C Hub,2.0,45
2024-12-09 01:20:48.096192,SSD Drive,1.0,119
2024-12-09 18:54:06.492985,Headphones,5.0,149
2024-12-10 12:27:24.889779,Mechanical Keyboard,4.0,89
2024-12-11 06:00:43.286573,Phone Stand,5.0,19
2024-12-11 23:34:01.683366,Monitor,4.0,349
2024-12-12 17:07:20.080160,Wireless Mouse,5.0,29
2024-12-13 10:40:38.476953,Desk Lamp,5.0,35
2024-12-14 04:13:56.873747,Mechanical Keyboard,5.0,89
2024-12-14 21:47:15.270541,SSD Drive,4.0,119
2024-12-15 15:20:33.667334,Monitor,4.0,349
2024-12-16 08:53:52.064128,SSD Drive,5.0,119
2024-12-17 02:27:10.460921,Mechanical Keyboard,2.0,89
2024-12-17 20:00:28.857715,Phone Stand,3.0,19
2024-12-18 13:33:47.254509,Monitor,3.0,349
2024-12-19 07:07:05.651302,SSD Drive,3.0,119
2024-12-20 00:40:24.048096,Desk Lamp,4.0,35
2024-12-20 18:13:42.444889,USB-C Hub,,45
2024-12-21 11:47:00.841683,Laptop,2.0,999
2024-12-22 05:20:19.238476,USB-C Hub,3.0,45
2024-12-22 22:53:37.635270,Mechanical Keyboard,3.0,89
2024-12-23 16:26:56.032064,Wireless Mouse,5.0,29
2024-12-24 10:00:14.428857,Laptop,4.0,999
2024-12-25 03:33:32.825651,Headphones,3.0,149
2024-12-25 21:06:51.222444,Desk Lamp,2.0,35
2024-12-26 14:40:09.619238,Headphones,2.0,149
2024-12-27 08:13:28.016032,Monitor,3.0,349
2024-12-28 01:46:46.412825,Laptop,4.0,999
2024-12-28 19:20:04.809619,Headphones,,149
2024-12-29 12:53:23.206412,Headphones,5.0,149
2024-12-30 06:26:41.603206,SSD Drive,2.0,119
2024-12-31 00:00:00.000000,USB-C Hub,1.0,45
